{"activation": "tanh", "batch_size": 5.0, "dropout": 0.2756782381615179, "epochs": 200.0, "layer_1": 165.0, "layer_2": 90.0, "learning_rate": 0.0689313359948032, "optimizer": "SGD", "preweight": 7.0, "regularization": 0.0232448656883631, "test_frac": 0.15, "train_frac": 0.7}