{"activation": "elu", "batch_size": 5.0, "dropout": 0.1921744269448836, "epochs": 200.0, "layer_1": 53.0, "layer_2": 200.0, "learning_rate": 0.0005249253451658, "optimizer": "adam", "preweight": 6.0, "regularization": 0.031529533611373, "test_frac": 0.15, "train_frac": 0.7}